Time (%),Total Time (ns),Num Calls,Avg (ns),Med (ns),Min (ns),Max (ns),StdDev (ns),Name
48.6,5965295712,1,5965295712.0,5965295712.0,5965295712,5965295712,0.0,cudaHostRegister
12.1,1490313135,23325,63893.4,8050.0,940,1559941,137895.4,cudaStreamSynchronize
8.8,1085405840,1,1085405840.0,1085405840.0,1085405840,1085405840,0.0,cudaHostUnregister
7.5,923902855,2411,383203.2,358038.0,297288,32468311,663049.9,cudaMemcpy
7.3,894566177,45805,19529.9,4510.0,1950,44044196,263149.8,cudaMemcpyAsync
7.0,856328375,7918,108149.6,32350.0,9640,1726351,132492.2,cudaGraphLaunch
2.9,361890190,67829,5335.3,5190.0,1910,2570426,13783.4,cudaLaunchKernel
1.7,214715010,11,19519546.4,19815691.0,4510,38002999,14116499.5,cudaMallocHost
1.7,212212761,278,763355.3,933715.0,20020,3237022,527024.3,cudaGraphInstantiate
1.1,137457460,24,5727394.2,3945.0,2330,127759273,26053902.9,cudaMalloc
0.2,25322966,8786,2882.2,2900.0,1160,44990,1121.0,cudaEventRecord
0.2,23544317,278,84691.8,103625.0,9490,321238,50082.5,cudaGraphExecDestroy
0.2,21280163,24,886673.5,7495.0,3560,14351151,2987689.8,cudaFree
0.1,18367118,11,1669738.0,1776921.0,15220,2742144,791901.3,cudaFreeHost
0.1,15391097,67829,226.9,190.0,110,57510,374.6,cuKernelGetName
0.1,11529857,8,1441232.1,1109419.0,164179,3922018,1421957.1,cuLibraryLoadData
0.1,8056997,278,28982.0,35494.5,1260,82709,18537.6,cudaGraphDestroy
0.0,3819049,1,3819049.0,3819049.0,3819049,3819049,0.0,cuMemUnmap
0.0,3484858,278,12535.5,12200.0,1110,41570,8856.7,cudaGraphExecUpdate
0.0,2831089,379,7469.9,8520.0,2360,37150,4031.8,cudaMemsetAsync
0.0,1699149,1156,1469.9,1390.0,1140,15970,638.0,cudaStreamWaitEvent
0.0,869192,278,3126.6,3045.0,750,7900,1767.3,cudaStreamEndCapture
0.0,649838,278,2337.5,1630.0,940,8920,1688.1,cudaStreamBeginCapture
0.0,134840,3,44946.7,51900.0,26170,56770,16442.4,cudaMemGetInfo
0.0,112820,1,112820.0,112820.0,112820,112820,0.0,cuMemSetAccess
0.0,105589,22,4799.5,2320.0,2140,45039,9318.9,cudaMemset
0.0,68569,1,68569.0,68569.0,68569,68569,0.0,cuMemCreate
0.0,38360,3,12786.7,9120.0,3460,25780,11603.0,cudaStreamDestroy
0.0,28040,1,28040.0,28040.0,28040,28040,0.0,cudaStreamCreate
0.0,19620,2,9810.0,9810.0,8480,11140,1880.9,cudaStreamCreateWithFlags
0.0,16330,1,16330.0,16330.0,16330,16330,0.0,cuMemAddressReserve
0.0,12230,16,764.4,675.0,330,1410,342.3,cuLibraryGetKernel
0.0,11960,1,11960.0,11960.0,11960,11960,0.0,cuMemAddressFree
0.0,6780,1,6780.0,6780.0,6780,6780,0.0,cuMemGetAllocationGranularity
0.0,5780,4,1445.0,830.0,680,3440,1332.0,cudaEventCreate
0.0,5720,5,1144.0,880.0,520,2570,843.9,cudaEventDestroy
0.0,4860,6,810.0,690.0,330,1570,449.6,cudaGetDeviceProperties
0.0,3780,1,3780.0,3780.0,3780,3780,0.0,cuModuleGetLoadingMode
0.0,3160,1,3160.0,3160.0,3160,3160,0.0,cuMemMap
0.0,1570,1,1570.0,1570.0,1570,1570,0.0,cudaEventCreateWithFlags
0.0,250,1,250.0,250.0,250,250,0.0,cuMemRelease
