Time (%),Total Time (ns),Instances,Avg (ns),Med (ns),Min (ns),Max (ns),StdDev (ns),Name
35.2,363913212,16302,22323.2,30032.5,8736,492261,26695.2,"void mul_mat_vec_q<(ggml_type)14, (int)1, (bool)0, (bool)0, (bool)0>(const void *, const void *, const int *, ggml_cuda_mm_fusion_args_device, float *, unsigned int, uint3, unsigned int, unsigned int, unsigned int, uint3, unsigned int, unsigned int, unsigned int, uint3, unsigned int, unsigned int, unsigned int, unsigned int)"
7.7,79658632,4312,18473.7,22240.0,5600,37025,9590.2,"void strata::kernels::<unnamed>::native_gu_multi_kernel<(int)16, (bool)1>(const unsigned long long *, const int *, const int *, const int *, const block_q8_1 *, strata::kernels::NativeExpertLayout, float *, float *)"
7.5,78048658,15876,4916.1,3936.0,1504,27777,2504.2,"void mul_mat_vec_q<(ggml_type)8, (int)1, (bool)0, (bool)0, (bool)0>(const void *, const void *, const int *, ggml_cuda_mm_fusion_args_device, float *, unsigned int, uint3, unsigned int, unsigned int, unsigned int, uint3, unsigned int, unsigned int, unsigned int, uint3, unsigned int, unsigned int, unsigned int, unsigned int)"
5.0,51765946,4312,12005.1,13760.0,4224,60705,6118.9,"void strata::kernels::<unnamed>::native_down_kernel<(int)10>(const unsigned long long *, const int *, const int *, const int *, const block_q8_1 *, strata::kernels::NativeExpertLayout, float *)"
3.7,38722907,32871,1178.0,1120.0,992,1888,128.8,"void k_bin_bcast<&op_add, float, float, float, const float *>(const T2 *, const T3 *, T4 *, unsigned int, unsigned int, unsigned int, uint3, uint3, uint3, uint3, uint3, unsigned int, unsigned int, unsigned int, unsigned int, unsigned int, unsigned int, unsigned int, unsigned int, unsigned int, unsigned int, unsigned int, T5...)"
3.3,33864650,32178,1052.4,1024.0,992,7776,104.6,"quantize_q8_1(const float *, void *, long, long, long, long, long, unsigned int, uint3)"
3.0,30577961,2709,11287.5,11073.0,8192,13632,620.4,"void flash_attn_ext_f16<(int)512, (int)512, (int)1, (int)8, (bool)0, (bool)0, (bool)0>(const char *, const char *, const char *, const char *, const char *, const int *, float *, float2 *, float, float, float, float, unsigned int, float, int, uint3, int, int, int, int, int, int, int, int, int, int, int, long, int, int, long, int, int, int, int, int, long)"
2.8,28645808,10695,2678.4,2880.0,1920,11520,434.0,"void rms_norm_f32<(int)1024, (bool)1, (bool)0>(const float *, float *, int, long, long, long, float, const float *, long, long, long, uint3, uint3, uint3, uint3, const float *, long, long, long, uint3, uint3, uint3, uint3)"
2.7,27961788,7986,3501.4,3520.0,3200,12000,177.6,"void rms_norm_f32<(int)1024, (bool)0, (bool)0>(const float *, float *, int, long, long, long, float, const float *, long, long, long, uint3, uint3, uint3, uint3, const float *, long, long, long, uint3, uint3, uint3, uint3)"
2.7,27841427,7986,3486.3,3648.0,2688,16481,447.2,"void mul_mat_vec_f<__half, __half, (int)1, (int)256, (bool)0, (bool)0>(const T1 *, const float *, const int *, ggml_cuda_mm_fusion_args_device, float *, int, uint3, int, int, int, uint3, int, int, int, uint3, int, int, int, int)"
2.0,20168871,5229,3857.1,3840.0,3584,19553,251.7,"void mul_mat_vec_f<__half, float, (int)1, (int)256, (bool)0, (bool)0>(const T1 *, const float *, const int *, ggml_cuda_mm_fusion_args_device, float *, int, uint3, int, int, int, uint3, int, int, int, uint3, int, int, int, int)"
1.7,17505844,2520,6946.8,6913.0,6848,7585,95.8,"void k_argsort_f32_i32<(ggml_sort_order)1>(const float *, int *, int, int)"
1.6,16590321,17436,951.5,928.0,896,2912,58.2,"scale_f32(const float *, float *, float, float, long)"
1.5,15531898,14034,1106.7,1120.0,992,3040,77.3,"void k_bin_bcast<&op_mul, float, float, float, const float *>(const T2 *, const T3 *, T4 *, unsigned int, unsigned int, unsigned int, uint3, uint3, uint3, uint3, uint3, unsigned int, unsigned int, unsigned int, unsigned int, unsigned int, unsigned int, unsigned int, unsigned int, unsigned int, unsigned int, unsigned int, T5...)"
1.3,13510495,5418,2493.6,2496.0,2368,3008,72.3,"dsv4_hc_comb_f32(const float *, const float *, const float *, float *, long, long, long, long, long, long, long, long, float, int)"
1.1,11516401,13404,859.2,864.0,800,2080,36.6,"void unary_op_kernel<&op_sigmoid, float>(const T2 *, T2 *, int)"
1.1,11185274,10521,1063.1,1056.0,960,4224,93.2,"void k_set_rows<float, int, float>(const T1 *, const T2 *, T3 *, long, long, long, long, long, long, long, long, long, long, long, long, long, long, uint3, uint3, uint3, uint3, uint3)"
1.1,10996302,9324,1179.4,864.0,832,2112,479.7,"void cpy_scalar_contiguous<float, __half>(const char *, char *, long)"
0.9,8936622,7986,1119.0,1120.0,1056,8512,135.3,"void dsv4_hc_pre_f32<(bool)0>(const float *, const float *, float *, long, long, long, long, long, long, long, long, long, long, long, float)"
0.8,8771549,5418,1619.0,1600.0,1472,3424,87.8,"void dsv4_hc_post_f32<(bool)1>(const float *, const float *, const float *, const float *, float *, long, long, long, long, long, long, long, long, long, long, long, long, long, long, long, long)"
0.8,8146537,7371,1105.2,1088.0,992,5184,82.6,"void rope_norm<(bool)1, (bool)0, float, float>(const T3 *, T4 *, int, int, int, int, int, int, int, int, int, int, int, const int *, float, float, float, rope_corr_dims, float, const float *, const long *, int, bool)"
0.7,7171876,5292,1355.2,1344.0,1248,1760,59.0,"void k_get_rows_float<float, float>(const T1 *, const int *, T2 *, long, long, uint3, unsigned long, unsigned long, unsigned long, unsigned long, unsigned long, unsigned long, unsigned long, unsigned long, unsigned long)"
0.7,6932726,8127,853.0,832.0,800,3168,45.5,"void op_clamp_kernel<float>(const T1 *, T1 *, T1, T1, int)"
0.6,6538103,1323,4941.9,5024.0,4672,5504,165.5,"void lightning_indexer_kernel_wmma<(int)8, (int)32, (long)128, (long)64, (ggml_type)8>(const float *, const char *, const float *, const __half *, float *, long, long, long, unsigned long, unsigned long, unsigned long, unsigned long, unsigned long, unsigned long, unsigned long, unsigned long, unsigned long, unsigned long, unsigned long, unsigned long, unsigned long, unsigned long, unsigned long, long)"
0.6,6264433,5292,1183.8,1216.0,1056,1536,76.3,"void concat_cont<unsigned short, (int)0>(const T1 *, const T1 *, T1 *, long, long, long, long, long, long)"
0.6,6056822,3339,1814.0,1825.0,1312,7168,172.1,"void rms_norm_f32<(int)256, (bool)1, (bool)0>(const float *, float *, int, long, long, long, float, const float *, long, long, long, uint3, uint3, uint3, uint3, const float *, long, long, long, uint3, uint3, uint3, uint3)"
0.6,5784535,4312,1341.5,1344.0,1280,6944,105.2,"strata::kernels::<unnamed>::swiglu_q8_1_entries_kernel(const float *, const float *, const int *, const int *, int, block_q8_1 *, float)"
0.5,5587721,2646,2111.8,1888.0,800,3745,1268.8,"void cub::_V_300403_SM_890::detail::topk::DeviceTopKKernel<cub::_V_300403_SM_890::detail::topk::policy_selector_from_types<float>, const float *, cuda::__4::discard_iterator, cuda::__4::counting_iterator<int, long, (int)0, (int)0, (int)0>, int *, unsigned int, unsigned int, float, cub::_V_300403_SM_890::detail::topk::extract_bin_op_t<float, (cub::_V_300403_SM_890::detail::topk::select)1, (int)11, cub::_V_300403_SM_890::detail::identity_decomposer_t, (bool)1>, cub::_V_300403_SM_890::detail::topk::identify_candidates_op_t<float, (cub::_V_300403_SM_890::detail::topk::select)1, (int)11, cub::_V_300403_SM_890::detail::identity_decomposer_t, (bool)1>>(T2, T3, T4, T5, T8 *, T6 *, T8 *, T6 *, cub::_V_300403_SM_890::detail::topk::Counter<cuda::std::__4::iterator_traits<T2, void>::value_type, T6, T7> *, T6 *, T6, T7, T6, T9, T10, int, bool)"
0.5,5100792,3906,1305.9,1312.0,1184,1696,68.4,"void k_get_rows_float<__half, float>(const T1 *, const int *, T2 *, long, long, uint3, unsigned long, unsigned long, unsigned long, unsigned long, unsigned long, unsigned long, unsigned long, unsigned long, unsigned long)"
0.5,4899883,2709,1808.7,1792.0,1664,2368,97.5,"void k_get_rows_float_vec<float>(const T1 *, const int *, T1 *, long, long, uint3, unsigned long, unsigned long, unsigned long, unsigned long, unsigned long, unsigned long, unsigned long, unsigned long, unsigned long)"
0.5,4895826,2709,1807.2,1792.0,1760,2017,37.3,"void flash_attn_stream_k_fixup_uniform<(int)512, (int)1, (int)8>(float *, const float2 *, int, int, int, int, int, int, uint3, uint3, uint3)"
0.4,4641125,5229,887.6,896.0,832,1280,31.1,"void unary_op_kernel<&op_softplus, float>(const T2 *, T2 *, int)"
0.4,4636865,2583,1795.1,1824.0,1536,2176,121.8,"void k_get_rows_kq<float, &dequantize_iq4_nl<float>>(const void *, const int *, T1 *, long, long, uint3, unsigned long, unsigned long, unsigned long, unsigned long, unsigned long, unsigned long, unsigned long, unsigned long, unsigned long)"
0.4,4534734,5229,867.2,864.0,800,1184,30.5,"void unary_op_kernel<&op_sqrt, float>(const T2 *, T2 *, int)"
0.4,4447079,4536,980.4,960.0,928,1152,33.9,"void fwht_cuda<(int)128>(const float *, float *, long, float)"
0.4,4072480,5418,751.7,736.0,704,928,32.2,"void fill_kernel<float>(T1 *, long, T1)"
0.4,3747248,3339,1122.3,1088.0,1056,1440,88.4,"void reduce_rows_f32<(bool)0>(const float *, float *, int)"
0.4,3671942,2709,1355.5,1344.0,1280,4192,81.3,"void rms_norm_f32<(int)256, (bool)0, (bool)0>(const float *, float *, int, long, long, long, float, const float *, long, long, long, uint3, uint3, uint3, uint3, const float *, long, long, long, uint3, uint3, uint3, uint3)"
0.3,3586282,2709,1323.8,1312.0,1280,1505,32.4,"pad_f32(const float *, unsigned long, unsigned long, unsigned long, unsigned long, float *, int, int, int, int, int, int, int, int, int, int, int, int, bool)"
0.3,3570403,2709,1318.0,1312.0,1248,1568,31.2,"strata::kernels::<unnamed>::native_quantize_q8_1_kernel(const float *, strata::kernels::<unnamed>::Q81Block *, int)"
0.3,3409401,1323,2577.0,2528.0,2432,2976,98.0,"void cub::_V_300403_SM_890::detail::topk::DeviceTopKHistogramKernel<cub::_V_300403_SM_890::detail::topk::policy_selector_from_types<float>, const float *, cuda::__4::discard_iterator, cuda::__4::counting_iterator<int, long, (int)0, (int)0, (int)0>, int *, unsigned int, unsigned int, float, cub::_V_300403_SM_890::detail::topk::extract_bin_op_t<float, (cub::_V_300403_SM_890::detail::topk::select)1, (int)11, cub::_V_300403_SM_890::detail::identity_decomposer_t, (bool)1>>(T2, T3, T4, T5, cub::_V_300403_SM_890::detail::topk::Counter<cuda::std::__4::iterator_traits<T2, void>::value_type, T6, T7> *, T6 *, T6, T7, T6, T9, int, bool)"
0.3,3276986,2583,1268.7,1280.0,1216,1664,23.9,"void concat_cont<unsigned int, (int)2>(const T1 *, const T1 *, T1 *, long, long, long, long, long, long)"
0.3,3210980,315,10193.6,10176.0,10048,10688,89.5,"void k_set_rows_quant<int, block_iq4_nl, (int)32, &quantize_f32_iq4_nl_block>(const float *, const T1 *, T2 *, long, long, long, long, long, long, long, long, long, long, long, long, long, long, uint3, uint3, uint3, uint3, uint3)"
0.3,3147459,2709,1161.9,1152.0,1120,1312,24.5,"void rope_norm<(bool)0, (bool)0, float, float>(const T3 *, T4 *, int, int, int, int, int, int, int, int, int, int, int, const int *, float, float, float, rope_corr_dims, float, const float *, const long *, int, bool)"
0.3,2860701,2709,1056.0,1056.0,1024,1248,36.2,"void k_bin_bcast<&op_div, float, float, float, const float *>(const T2 *, const T3 *, T4 *, unsigned int, unsigned int, unsigned int, uint3, uint3, uint3, uint3, uint3, unsigned int, unsigned int, unsigned int, unsigned int, unsigned int, unsigned int, unsigned int, unsigned int, unsigned int, unsigned int, unsigned int, T5...)"
0.3,2759299,1323,2085.6,2016.0,832,2752,625.3,"void k_argsort_f32_i32<(ggml_sort_order)0>(const float *, int *, int, int)"
0.3,2715858,2709,1002.5,992.0,960,6368,152.1,"void unary_gated_op_kernel<&op_silu, float>(const T2 *, const T2 *, T2 *, long, long, long, long)"
0.2,2455704,1701,1443.7,1344.0,1280,2240,199.8,"void k_get_rows_float<int, int>(const T1 *, const int *, T2 *, long, long, uint3, unsigned long, unsigned long, unsigned long, unsigned long, unsigned long, unsigned long, unsigned long, unsigned long, unsigned long)"
0.2,2235322,2583,865.4,864.0,832,1024,33.3,"void unary_op_kernel<&op_log, float>(const T2 *, T2 *, int)"
0.2,2217591,2583,858.5,864.0,800,1024,32.4,"void unary_op_kernel<&op_step, float>(const T2 *, T2 *, int)"
0.1,1498894,1260,1189.6,1184.0,1120,1312,47.7,"void cpy_scalar_transpose<float>(const char *, char *, long, long, long, long, long, long, long, long, long, long, long, long, long, long, long)"
0.1,1324336,1512,875.9,864.0,832,1024,31.6,"void cpy_scalar_contiguous<int, float>(const char *, char *, long)"
0.1,1220906,1323,922.8,864.0,832,1345,118.7,"void cub::_V_300403_SM_890::detail::topk::DeviceTopKLastFilterKernel<cub::_V_300403_SM_890::detail::topk::policy_selector_from_types<float>, const float *, cuda::__4::discard_iterator, cuda::__4::counting_iterator<int, long, (int)0, (int)0, (int)0>, int *, unsigned int, unsigned int, float, cub::_V_300403_SM_890::detail::topk::identify_candidates_op_t<float, (cub::_V_300403_SM_890::detail::topk::select)1, (int)11, cub::_V_300403_SM_890::detail::identity_decomposer_t, (bool)1>>(T2, T3, T4, T5, T8 *, T6 *, cub::_V_300403_SM_890::detail::topk::Counter<cuda::std::__4::iterator_traits<T2, void>::value_type, T6, T7> *, T6, T7, T6, T9, int)"
0.1,948102,630,1504.9,1504.0,1312,1728,157.9,"void soft_max_f32<(bool)1, (int)0, (int)0, float>(const float *, const T4 *, const float *, float *, soft_max_params)"
0.0,441763,315,1402.4,1344.0,1312,1568,76.0,"void k_set_rows_quant<int, block_q8_0, (int)32, &quantize_f32_q8_0_block>(const float *, const T1 *, T2 *, long, long, long, long, long, long, long, long, long, long, long, long, long, long, uint3, uint3, uint3, uint3, uint3)"
0.0,98240,63,1559.4,1568.0,1504,1632,25.2,"void k_bin_bcast<&op_repeat, float, float, float, >(const T2 *, const T3 *, T4 *, unsigned int, unsigned int, unsigned int, uint3, uint3, uint3, uint3, uint3, unsigned int, unsigned int, unsigned int, unsigned int, unsigned int, unsigned int, unsigned int, unsigned int, unsigned int, unsigned int, unsigned int, T5...)"
