token,hits,cpu,pcie,gap_ms,hit_ms,pcie_ms,cpu_ms,wall_ms
0,134,53,71,18.0723,5.8523,26.7212,30.2003,65.4924
1,154,39,65,18.1321,1.7624,23.6114,22.9990,48.0345
2,170,33,55,17.8316,1.8637,21.2162,19.6676,44.5019
3,184,23,51,17.8361,1.9395,19.9785,13.7829,42.2698
4,162,34,62,17.8532,1.7831,26.2192,20.8937,49.3031
5,156,41,61,17.8261,1.7295,25.3932,23.1786,49.1643
6,164,40,54,17.9620,1.8196,21.3501,21.2432,44.9834
7,164,35,59,17.8159,1.8145,24.2344,18.8231,46.6639
8,155,40,63,17.8265,1.7418,28.6367,20.2848,50.3141
9,146,42,70,17.8392,1.6476,31.6254,21.4408,53.3605
10,169,34,55,17.8247,1.8207,26.2440,17.1484,47.8078
11,148,43,67,17.8336,1.6456,31.0233,21.7889,53.2852
12,117,60,81,17.8427,1.4039,37.1826,30.0995,58.9362
13,168,33,57,17.8294,1.7853,26.6836,16.7693,47.6865
14,150,43,65,17.8303,1.6517,29.1064,22.0051,51.0379
15,151,40,67,17.8373,1.6517,28.1292,22.9156,49.7838
16,136,48,74,17.8230,1.5559,30.2898,27.5863,52.6025
17,176,30,52,17.8261,1.8770,21.3381,15.4870,43.6757
18,164,38,56,17.8435,1.7790,23.1161,21.0969,45.5648
19,170,32,56,17.8366,1.8565,23.4697,17.4713,45.8728
20,161,36,61,17.9571,1.8043,25.3473,20.2600,47.7903
21,144,49,65,17.8287,1.6364,27.2224,26.9825,50.7898
22,156,39,63,17.8312,1.7389,26.2156,22.1674,48.3931
23,172,29,57,17.8241,1.9098,25.7583,16.6179,47.9200
24,196,23,39,17.8271,2.0390,16.0559,12.4343,38.5206
25,169,33,56,17.8200,1.8309,22.4075,17.5807,44.8092
26,158,39,61,17.8249,1.7339,25.7533,21.0483,47.8629
27,159,40,59,17.9584,1.7174,24.2592,22.2397,47.5353
28,191,21,46,17.8338,2.0019,18.6694,10.9220,41.1385
29,157,39,62,17.8414,1.7162,25.1269,20.5740,47.4953
30,146,45,67,17.8267,1.6159,27.2960,22.5447,49.5721
31,139,50,69,17.8179,1.6356,29.0259,26.4561,53.2027
32,176,30,52,17.8288,1.8732,22.4298,15.6716,44.1567
33,178,27,53,17.8245,1.8659,21.7401,14.6376,43.7907
34,186,24,48,17.8180,1.9427,19.1828,12.3208,41.1216
35,176,29,53,17.8329,1.8340,21.6520,15.6919,43.5295
36,186,25,47,17.8305,1.9313,18.3672,13.1329,40.1741
37,166,34,58,17.8165,1.7736,22.4444,18.1169,45.6004
38,148,42,68,17.7859,1.6643,26.8944,23.3838,49.8385
39,155,38,65,17.7904,1.6783,24.9506,21.0234,47.4233
40,142,43,73,17.8008,1.6097,29.8191,24.3109,52.3993
41,146,44,68,17.8177,1.6251,26.9121,24.3666,50.5218
42,124,54,80,17.8134,1.4602,34.0722,30.5314,56.9271
43,97,65,96,18.0183,1.2431,40.3168,37.3638,63.7871
44,173,31,54,18.0579,1.8896,23.1958,17.3434,46.0130
45,192,23,43,17.7963,1.9889,16.9773,12.3392,39.0267
46,164,35,59,17.7847,1.8212,24.8847,19.8447,47.8069
47,179,30,49,17.7872,1.9323,19.7001,16.1483,42.6575
48,146,45,67,17.8388,1.6712,29.1372,26.3146,53.1056
49,166,35,57,17.8045,1.8322,23.4023,18.5841,46.3702
50,174,28,56,17.8125,1.8801,22.5947,16.1451,44.3887
51,144,45,69,17.9196,1.6425,31.2322,22.5699,52.8224
52,162,37,59,17.7954,1.8063,27.2931,18.4481,49.1128
53,168,37,53,17.8338,1.8555,25.6190,19.9829,48.7406
54,193,21,44,17.8390,2.0184,19.5868,10.6580,41.4140
55,179,29,50,17.8474,1.9714,23.2019,14.6880,45.3069
56,142,45,71,17.8457,1.6486,34.8650,24.5627,56.4564
57,167,37,54,18.0244,1.8432,24.3459,19.3375,47.9865
58,132,53,73,17.8534,1.5722,34.5230,27.2903,56.2314
59,182,26,50,17.8421,1.9519,22.5965,13.2316,45.0717
60,184,28,46,17.7990,2.0064,20.8112,14.0777,44.1726
61,174,29,55,17.9367,1.9128,24.9794,14.4474,47.7033
62,167,34,57,17.8060,1.8463,26.1756,17.8075,48.1414
63,149,40,69,17.8065,1.7388,32.0953,21.2525,53.5121
64,132,46,80,17.8162,1.5555,36.8280,23.9718,58.3305
65,120,61,77,17.8537,1.5094,39.6276,35.7890,65.0957
66,120,58,80,17.8339,1.4879,38.2459,29.4860,60.2340
67,149,42,67,17.8127,1.6859,30.7941,22.1820,52.3827
68,152,39,67,17.8103,1.7070,31.3860,19.7023,52.6434
69,165,35,58,17.7887,1.8250,26.5572,19.4944,49.2845
70,127,51,80,17.8481,1.5340,35.8105,30.7922,58.4390
71,140,46,72,17.7945,1.6732,31.0763,25.4706,53.9588
72,142,47,69,17.7845,1.6845,29.2304,24.6024,51.2114
73,156,40,62,17.8048,1.7562,27.0578,21.3502,49.9122
74,142,48,68,17.8023,1.6681,28.6374,26.5056,51.9195
75,135,48,75,17.8025,1.5852,32.0018,25.9578,54.7425
76,142,48,68,17.9388,1.6527,29.2001,25.5752,52.9364
77,145,44,69,18.0061,1.6404,29.5118,25.5403,53.1586
78,146,46,66,17.9577,1.7121,27.8283,24.9823,50.8505
79,166,34,58,17.9757,1.8200,24.4012,18.7398,47.2206
80,144,46,68,17.7911,1.6855,30.3079,25.1523,53.2807
81,141,46,71,17.8129,1.6445,30.1658,26.1946,53.0917
82,97,67,94,17.8101,1.3179,40.2921,37.6139,63.7747
83,102,67,89,17.9575,1.3281,39.0499,36.9808,62.9277
84,111,62,85,17.8191,1.4336,35.5748,34.3835,59.4841
85,125,53,80,17.9598,1.5043,33.3097,29.8003,55.9918
86,136,48,74,17.7705,1.6837,30.6431,26.8259,54.0501
87,160,38,60,17.8230,1.7910,26.2911,21.1551,49.2255
88,177,28,53,17.8291,1.8964,22.2394,15.1028,44.3956
89,151,44,63,17.8188,1.7510,29.6694,23.5669,53.8088
90,148,47,63,17.8377,1.7111,28.7709,25.5452,52.1408
91,137,48,73,17.8272,1.6394,34.5591,28.4955,58.2713
92,154,39,65,17.8140,1.7469,30.0046,22.9396,53.0157
93,102,67,89,17.8284,1.3343,39.3066,38.7541,64.5342
94,80,73,105,17.8176,1.1346,45.7459,42.5781,70.1612
95,135,48,75,17.8151,1.6026,31.7177,26.7129,54.7531
96,133,51,74,17.8334,1.5800,34.4402,29.5975,57.6322
97,179,26,53,17.8278,1.9765,21.5913,14.6364,44.7651
98,153,39,66,17.8435,1.7377,28.6694,22.2867,51.2597
99,160,38,60,17.8243,1.8002,25.9566,21.3651,49.2289
100,172,32,54,17.8026,1.9538,22.0922,16.5969,44.5240
101,164,36,58,17.7932,1.8248,24.7537,18.4462,47.1743
102,166,34,58,17.7822,1.8168,23.1519,16.7161,45.2341
103,174,30,54,17.7866,1.8721,22.2741,15.3443,43.7745
104,155,40,63,17.7933,1.7521,25.1148,19.8789,47.4591
105,98,65,95,17.8036,1.3210,40.2316,35.2604,63.8410
106,124,60,74,17.8272,1.5186,31.9641,32.3280,55.3237
107,154,42,62,17.7986,1.7725,25.6596,21.8063,48.2616
108,154,39,65,17.9188,1.7756,26.3133,21.3430,48.5492
109,111,61,86,17.7993,1.4203,36.2288,32.7453,59.7712
110,119,56,83,17.7755,1.4633,33.4770,29.9443,56.5176
111,145,44,69,17.7999,1.7019,29.8191,23.2684,52.0767
112,140,49,69,17.7954,1.6292,29.0811,24.9569,51.8982
113,166,34,58,17.8038,1.8760,23.5032,17.7418,46.6604
114,122,58,78,17.8110,1.4858,32.7936,30.8125,56.3877
115,151,40,67,17.8018,1.7267,27.1738,22.1982,49.9628
116,173,33,52,17.9324,1.9026,22.3636,17.9572,45.4578
117,115,61,82,17.8023,1.4694,35.5365,32.4046,59.2309
118,87,73,98,17.7874,1.1940,41.0742,38.4004,64.0159
119,87,70,101,17.8049,1.2012,42.7537,37.8954,65.1315
120,79,74,105,17.8070,1.1428,44.9302,40.1839,67.2182
121,131,53,74,17.8197,1.5421,32.9538,29.2580,55.4846
122,88,67,103,17.8125,1.2042,45.0518,37.3446,66.9862
123,118,57,83,17.8334,1.4756,36.2641,30.8160,58.6631
124,109,65,84,17.7916,1.4090,37.0958,34.5996,60.0350
125,128,53,77,17.7943,1.5048,32.7602,27.0456,54.6997
126,131,53,74,17.8152,1.5648,31.2131,27.9491,54.3565
127,124,55,79,17.8018,1.4687,33.3454,28.7670,56.3044
128,158,39,61,17.7997,1.7871,25.7656,20.3636,48.2412
129,134,45,79,17.7902,1.6357,31.2720,25.1644,53.6962
130,112,63,83,17.8221,1.4264,35.6382,33.3452,58.3952
131,134,51,73,17.9223,1.5892,30.4346,27.2723,53.7023
132,184,26,48,17.7909,1.9354,19.6388,13.0584,40.8871
133,165,36,57,17.7937,1.8442,23.5175,18.9328,46.3206
134,180,29,49,17.8039,1.9026,20.0326,14.8135,41.9999
135,191,23,44,17.7749,2.0056,16.7132,12.3627,38.4366
136,191,23,44,17.7964,1.9939,17.3501,11.9864,39.5002
137,190,25,43,17.9815,1.9988,17.0572,12.5419,39.0617
138,162,41,55,17.7711,1.8464,23.2464,20.7945,46.6267
139,107,62,89,17.7902,1.3629,36.3904,34.8264,59.5171
140,112,65,81,17.8147,1.4459,36.1511,33.9786,59.1355
141,140,51,67,17.7851,1.6108,27.3619,25.9770,50.4491
142,158,38,62,17.7805,1.7490,25.8928,19.5387,48.6395
143,102,63,93,17.7905,1.3230,39.0122,32.1884,60.7987
144,113,57,88,17.8130,1.4459,37.8232,30.7965,60.0507
145,148,46,64,17.7991,1.7000,27.4410,23.9648,50.5743
146,125,53,80,17.8214,1.5094,33.6893,27.6333,55.8937
147,118,56,84,17.8170,1.4848,35.9323,30.0542,58.9236
148,129,52,77,17.8142,1.5452,32.3960,27.6282,54.7267
149,71,79,108,17.9277,1.0609,45.0862,42.6574,68.7313
150,74,75,109,17.8136,1.0578,44.5647,40.6281,66.9706
151,131,51,76,17.8043,1.5321,32.9528,27.4532,55.6219
152,87,73,98,17.7869,1.1960,41.4084,39.7811,64.7204
153,114,57,87,17.8135,1.3670,35.8609,31.7658,57.9089
154,162,35,61,17.7939,1.7920,23.7673,19.1031,46.5300
155,165,35,58,17.8285,1.8065,24.1674,18.4994,46.7764
156,164,36,58,17.7975,1.7920,24.6947,19.0214,46.4525
157,141,46,71,17.7908,1.6374,29.5920,23.4203,51.3498
158,109,61,88,17.7937,1.3640,36.6281,31.7615,60.1635
159,125,52,81,17.8184,1.4653,34.3853,29.2172,57.5759
160,155,38,65,17.8707,1.7459,27.1135,20.9815,50.1475
161,137,50,71,17.8244,1.6548,30.7892,27.0986,54.0460
162,126,52,80,17.8119,1.5432,34.9202,28.2618,57.7469
163,98,65,95,17.8315,1.2996,42.5214,34.8337,64.2947
164,128,52,78,17.8385,1.5380,36.1445,25.9490,57.3024
165,132,50,76,17.8177,1.5749,34.1214,24.1048,56.1738
166,149,40,69,17.8173,1.6978,30.7583,20.1223,52.8021
167,138,46,74,17.8222,1.6548,31.9906,24.2981,54.3999
168,191,24,43,17.8197,2.0029,18.4581,12.4405,40.3913
169,132,51,75,17.7896,1.5790,33.4065,26.5288,55.4159
170,145,48,65,17.7944,1.7020,28.5283,24.1094,51.0706
171,169,32,57,17.7843,1.8309,23.5884,17.0334,45.8063
172,154,40,64,17.7930,1.7541,26.2733,20.0921,47.7290
173,181,28,49,17.8009,1.9397,20.0587,14.4194,42.9821
174,174,31,53,17.8034,1.8842,21.2886,15.2946,44.1104
175,153,41,64,17.7852,1.7428,27.2648,20.9137,50.0066
176,170,32,56,17.7986,1.8248,23.2100,15.8754,45.5576
177,185,25,48,17.7892,1.9805,19.9476,13.0093,42.2075
178,158,42,58,17.7924,1.7635,26.4695,21.0827,47.9526
179,150,44,64,17.9630,1.7144,28.3770,22.1156,50.0706
180,118,58,82,17.8123,1.4756,36.7107,29.2607,59.3833
181,141,47,70,17.7960,1.6445,29.9037,22.8515,52.3973
182,174,30,54,17.7963,1.8831,21.6436,15.2874,44.4183
183,178,31,49,17.7953,1.9118,20.8682,15.2339,43.0718
184,139,47,72,18.0880,1.6435,33.0204,24.3327,55.2731
185,158,39,61,17.8471,1.7459,26.4319,20.0287,48.6289
186,154,43,61,17.8392,1.7725,28.3981,22.1117,51.3765
187,154,41,63,17.8307,1.7654,26.8847,21.0561,49.9185
188,167,34,57,17.8377,1.8668,25.4564,17.5142,47.3327
189,161,38,59,17.7965,1.8067,25.3890,19.6154,48.6077
190,140,48,70,17.8055,1.6660,32.1086,24.3681,55.0370
191,139,49,70,17.7988,1.6796,30.0653,23.9375,52.0634
192,156,39,63,17.8521,1.7510,26.8013,21.5687,49.2697
193,167,36,55,17.9855,1.8330,24.9588,18.2019,47.1055
194,178,27,53,17.8164,1.8893,22.0428,14.5048,44.3362
195,172,31,55,17.8470,1.8637,24.5522,16.7035,47.1532
196,162,35,61,17.8280,1.7705,25.8797,17.7404,48.2454
197,155,39,64,17.8159,1.7684,27.3423,19.9413,50.1225
198,125,53,80,17.8096,1.4852,35.3284,26.1079,58.0826
199,136,51,71,17.8090,1.6077,33.1415,24.6937,54.8823
200,149,47,62,17.9578,1.7152,27.7062,23.7376,50.7384
201,100,65,93,17.8359,1.3609,40.2913,35.5778,64.2725
202,92,67,99,17.8417,1.2227,42.6877,35.0462,64.8364
203,76,75,107,17.8486,1.1039,46.8395,40.6683,68.3904
204,134,51,73,17.8112,1.5667,32.4492,25.2021,55.2379
205,101,67,90,17.8123,1.3076,38.8510,33.3954,60.8033
206,121,55,82,17.8263,1.4776,34.7502,30.0421,57.5502
207,128,56,74,17.8178,1.5483,32.7648,28.8858,55.5086
208,153,45,60,17.8433,1.7430,27.2337,23.0387,49.9789
209,105,63,90,17.8374,1.3754,39.1862,32.5939,61.6531
210,115,58,85,17.9882,1.4080,38.4841,31.5716,61.2276
211,139,46,73,17.8404,1.6732,32.2732,25.7334,54.9317
212,145,44,69,17.7934,1.6947,30.9157,20.8385,52.5949
213,130,52,76,17.8072,1.5462,32.4134,27.2861,54.6176
214,135,54,69,17.9663,1.5995,31.1211,26.6599,53.5532
215,112,60,86,17.8383,1.4244,37.2723,31.4101,60.8333
216,90,69,99,17.8314,1.2749,42.5244,35.9279,65.2760
217,167,35,56,17.8068,1.8158,23.7898,18.1198,46.3231
218,133,50,75,17.8406,1.5350,31.7842,26.7680,54.2058
219,109,61,88,17.8260,1.3926,37.4845,31.9408,59.9219
220,122,57,79,17.8036,1.4797,34.5988,29.5485,56.9226
221,150,40,68,17.9592,1.7050,30.3836,20.6407,53.3844
222,145,46,67,17.9868,1.6632,27.6383,25.3500,50.6034
223,112,58,88,17.8334,1.4746,38.4931,31.8384,61.5484
224,138,47,73,17.7959,1.6179,31.3189,24.2600,53.7588
225,140,48,70,17.8435,1.6271,30.3396,25.8688,53.3162
226,118,60,80,17.9897,1.4940,33.1836,30.5574,56.7703
227,129,53,76,17.7837,1.5966,32.0841,26.8032,55.2011
228,140,50,68,17.8150,1.6138,28.8929,24.5379,50.9992
229,186,23,49,17.8094,2.0142,20.1211,11.8877,43.4258
230,162,36,60,17.8203,1.8094,25.4237,19.4247,48.2386
231,170,33,55,17.8577,1.8586,24.4828,17.7009,47.1240
232,152,40,66,17.8413,1.6991,27.6396,22.1145,50.2734
233,169,36,53,17.8297,1.8650,23.1890,19.2534,46.8728
234,174,29,55,17.8070,1.9396,22.3703,16.3775,44.9616
235,147,44,67,17.8020,1.6929,29.1998,22.6920,51.1728
236,182,28,48,17.8164,2.0244,19.9852,15.0384,42.2641
237,220,10,28,17.8134,2.1996,10.5277,5.7903,33.1496
238,195,18,45,17.8354,2.0388,18.2076,10.0386,40.7550
239,193,22,43,17.8175,2.0552,17.6858,11.6074,39.8298
240,165,35,58,17.8292,1.8017,25.0476,19.2937,46.9481
241,130,52,76,17.8094,1.5462,32.6134,28.0264,57.5516
242,176,34,48,17.8033,1.9282,20.4102,18.2917,44.3283
243,165,35,58,17.8114,1.8289,24.8510,19.3453,48.5815
244,132,51,75,17.8064,1.6179,30.9067,26.7506,53.9269
245,195,21,42,18.1004,2.0226,17.0447,11.0105,39.6453
246,191,24,43,17.7997,1.9978,17.3957,11.8850,39.7750
247,155,42,61,17.8218,1.7204,26.5021,22.1000,49.0716
248,165,37,56,17.8015,1.8272,23.8894,20.1190,46.5950
249,185,26,47,17.8224,1.9538,19.9236,14.1904,42.7360
250,138,48,72,17.8494,1.6763,31.5816,26.0134,55.1636
251,116,58,84,17.8610,1.4459,37.7326,33.9202,61.2438
252,133,52,73,18.8236,1.5985,34.0192,31.4512,59.5922
253,130,53,75,17.8135,1.5790,34.8208,33.9205,61.1350
254,105,63,90,17.8544,1.3599,41.6675,36.0135,64.6765
255,139,50,69,17.8619,1.6909,32.2854,28.6396,55.7109
256,133,56,69,18.7384,1.5995,33.9109,31.9027,58.8635
257,117,59,82,17.8220,1.5176,35.3965,35.2628,63.2075
258,128,54,76,17.8506,1.5114,34.2551,32.5729,57.8552
259,127,52,79,18.0380,1.5946,35.8947,31.2214,58.9552
260,148,44,66,17.8437,1.6783,30.4960,25.3127,53.5445
261,113,62,83,17.8379,1.4592,37.2169,37.1296,66.3346
262,102,65,91,17.8352,1.3117,39.9183,37.7675,64.1452
263,116,58,84,17.8391,1.4766,38.5808,33.4349,61.7145
264,128,55,75,17.8441,1.5852,33.7733,31.4215,59.1856
265,134,53,71,17.8508,1.6189,34.8525,30.7224,58.0176
266,128,52,78,17.8565,1.5493,37.2101,37.4732,67.6122
267,152,42,64,17.8416,1.7582,31.9468,26.4023,56.0112
268,127,52,79,17.8305,1.5196,36.8202,31.7589,60.0531
269,130,53,75,17.9839,1.5524,34.5501,31.9010,57.7171
270,138,47,73,17.8465,1.6251,32.2749,31.7113,59.3944
271,169,31,58,17.8217,1.8763,24.6988,20.3552,49.1057
272,146,45,67,17.8360,1.6855,29.6788,25.8944,52.0288
273,126,58,74,17.8243,1.6101,34.3790,33.0931,58.6462
274,145,47,66,17.8644,1.6458,30.1107,27.5414,55.7241
275,179,29,50,17.8530,1.9159,21.2053,16.1574,44.6321
276,175,30,53,17.8518,1.8749,22.3326,16.9258,44.8044
277,167,36,55,17.8417,1.8555,24.3216,20.3231,47.6595
278,137,50,71,17.8144,1.6753,30.8725,28.0751,54.6642
279,153,43,62,17.8206,1.7073,27.3662,23.6743,49.8248
280,157,37,64,17.9422,1.7470,27.0336,19.7616,49.1795
281,141,48,69,17.9177,1.6261,29.2915,27.1859,53.1397
282,130,52,76,17.8264,1.5340,35.2911,30.3462,59.2746
283,110,60,88,18.0246,1.3865,40.2630,41.6203,67.3239
284,136,50,72,17.8250,1.5933,31.2933,31.6742,57.0455
285,106,64,88,17.8421,1.3466,40.5346,36.1409,63.5258
286,140,49,69,17.8460,1.6415,30.2489,27.5372,55.1460
287,176,30,52,17.8461,1.8586,23.2723,16.7946,44.8178
288,193,21,44,17.8373,2.0011,18.7544,11.4488,40.4714
289,168,33,57,17.8524,1.8022,24.6108,17.8172,46.6670
290,128,55,75,17.8501,1.5166,34.5593,30.6073,58.0557
291,151,43,64,17.8407,1.7521,28.4314,23.5538,51.3313
292,163,36,59,17.8493,1.7933,25.7472,20.5854,48.4489
293,206,15,37,17.8369,2.0955,14.7625,8.1226,37.0945
294,187,27,44,18.1499,1.9835,19.7337,13.9609,42.5447
295,205,16,37,17.8472,2.0680,15.7628,8.6453,37.9791
296,195,23,40,17.8352,2.0485,17.3864,12.9478,40.1439
297,178,28,52,17.8444,1.9425,22.3666,14.9810,44.5467
298,164,37,57,17.8369,1.7983,24.4850,19.5361,47.5824
299,146,43,69,17.8510,1.6712,29.9546,24.1105,52.7863
300,150,42,66,17.8450,1.6988,27.8934,23.4231,50.5196
301,165,37,56,17.8381,1.8055,25.0995,20.2864,47.4398
302,186,25,47,17.8426,1.9348,19.5390,13.9362,41.1460
303,200,17,41,17.8395,2.0660,16.5143,9.5141,39.7748
304,145,46,67,17.8538,1.6794,30.4845,24.6779,52.5185
305,207,16,35,17.8424,2.0871,15.2652,8.8785,37.1322
306,210,12,36,17.8266,2.2026,15.4063,7.0612,38.2499
307,188,27,43,17.8414,1.9970,19.7004,15.6058,43.1651
308,163,37,58,17.8492,1.7859,26.1067,21.6108,48.5341
309,136,49,73,17.8286,1.6783,32.4060,28.6647,56.2347
310,108,61,89,17.8238,1.3660,38.7148,35.1193,61.6147
311,105,63,90,17.8418,1.3322,39.7008,36.5244,62.8347
312,138,50,70,17.8438,1.6517,32.3842,26.5443,55.7683
313,165,34,59,17.8332,1.8268,24.2624,18.1682,46.1394
314,167,33,58,17.7951,1.8371,24.9647,16.7504,47.3313
315,149,43,66,17.8059,1.7275,28.0412,21.9247,50.3900
316,119,58,81,17.8244,1.4899,35.1171,31.3574,58.9341
317,98,63,97,17.8200,1.2483,40.1690,34.1886,62.5257
318,112,61,85,17.8083,1.4070,36.8734,32.4607,59.0820
319,135,49,74,17.7970,1.5729,30.4864,25.8442,53.4957
